{"cameraMode":{"drawMode":0,"name":"Shaded","section":"Shading Mode"},"sceneLighting":true,"audioPlay":false,"sceneViewState":{"m_AlwaysRefresh":false,"showFog":true,"showSkybox":true,"showFlares":true,"showImageEffects":true,"showParticleSystems":true,"showVisualEffectGraphs":true,"m_FxEnabled":false},"in2DMode":false,"pivot":{"x":7.917121887207031,"y":-9.232034683227539,"z":9.34506607055664},"rotation":{"x":0.0006300280801951885,"y":0.8786728382110596,"z":-0.4780936539173126,"w":0.0027120644226670267},"size":18.50234603881836,"orthographic":false}