{"cameraMode":{"drawMode":0,"name":"Shaded","section":"Shading Mode"},"sceneLighting":false,"audioPlay":false,"sceneViewState":{"m_AlwaysRefresh":false,"showFog":true,"showSkybox":false,"showFlares":true,"showImageEffects":true,"showParticleSystems":true,"showVisualEffectGraphs":true,"m_FxEnabled":true},"in2DMode":false,"pivot":{"x":1.5500562191009522,"y":0.4824695885181427,"z":-0.9094705581665039},"rotation":{"x":0.02631714753806591,"y":0.8927978873252869,"z":-0.05256294831633568,"w":0.44685277342796328},"size":2.0562312602996828,"orthographic":false}