{"cameraMode":{"drawMode":0,"name":"Shaded","section":"Shading Mode"},"sceneLighting":false,"audioPlay":false,"sceneViewState":{"m_AlwaysRefresh":false,"showFog":true,"showSkybox":false,"showFlares":true,"showImageEffects":true,"showParticleSystems":true,"showVisualEffectGraphs":true,"m_FxEnabled":true},"in2DMode":false,"pivot":{"x":-0.5464658737182617,"y":0.2926657795906067,"z":-0.9399866461753845},"rotation":{"x":-0.07653030753135681,"y":0.7114874720573425,"z":-0.07845757901668549,"w":-0.6942487359046936},"size":1.8388950824737549,"orthographic":false}